<Forms>
    <Form Class="Window" LAnchorPoint="0.5" LAnchorOffset="-367" TAnchorPoint="0" TAnchorOffset="-1" RAnchorPoint="0.5" RAnchorOffset="367" BAnchorPoint="0" BAnchorOffset="79" RelativeToClient="1" Font="Default" Text="" BGColor="UI_WindowBGDefault" TextColor="UI_WindowTextDefault" Template="Default" TooltipType="OnCursor" Name="DungeonMedalsMain" Border="0" Picture="1" SwallowMouseClicks="1" Moveable="0" Escapable="0" Overlapped="1" TooltipColor="" IgnoreMouse="1" Tooltip="" Sprite="Warplots:spr_WarPlots_Base" NoClip="0" HideInEditor="0" Visible="0">
        <Control Class="Window" LAnchorPoint="0.5" LAnchorOffset="-347" TAnchorPoint="0" TAnchorOffset="0" RAnchorPoint="0.5" RAnchorOffset="348" BAnchorPoint="0" BAnchorOffset="34" RelativeToClient="1" Font="Default" Text="" BGColor="UI_WindowBGDefault" TextColor="UI_WindowTextDefault" Template="Default" TooltipType="OnCursor" Name="Frame" TooltipColor="" Picture="1" IgnoreMouse="1" Sprite="Protogames:spr_Protogames_Frame" Tooltip=""/>
        <Control Class="Window" LAnchorPoint="0" LAnchorOffset="0" TAnchorPoint="0" TAnchorOffset="1" RAnchorPoint="1" RAnchorOffset="0" BAnchorPoint="0" BAnchorOffset="50" RelativeToClient="1" Font="Default" Text="" Template="Default" TooltipType="OnCursor" Name="BarContainer" BGColor="ffffffff" TextColor="ffffffff" TooltipColor="" Picture="0" IgnoreMouse="1" Sprite="" Tooltip="" NewControlDepth="1" UseParentOpacity="0" HideInEditor="0">
            <Control Class="Window" LAnchorPoint="0.5" LAnchorOffset="-320" TAnchorPoint="0" TAnchorOffset="0" RAnchorPoint="0.5" RAnchorOffset="-141" BAnchorPoint="0" BAnchorOffset="28" RelativeToClient="1" Font="Default" Text="" BGColor="UI_WindowBGDefault" TextColor="UI_WindowTextDefault" Template="Default" TooltipType="OnCursor" Name="Tier1" TooltipColor="" Picture="0" IgnoreMouse="1" Sprite="" NoClip="0" Tooltip="" TooltipId="" HideInEditor="0" Visible="1">
                <Control Class="Window" LAnchorPoint="0" LAnchorOffset="0" TAnchorPoint="0" TAnchorOffset="0" RAnchorPoint="1" RAnchorOffset="0" BAnchorPoint="1" BAnchorOffset="0" RelativeToClient="1" Font="Default" Text="" BGColor="UI_WindowBGDefault" TextColor="UI_WindowTextDefault" Template="Default" TooltipType="OnCursor" Name="Active" TooltipColor="" Picture="0" IgnoreMouse="1" Sprite="Protogames:spr_Protogames_Cell_Active" NoClip="0" Tooltip="" TooltipId="" HideInEditor="0" Visible="1"/>
                <Control Class="Window" LAnchorPoint="0" LAnchorOffset="0" TAnchorPoint="0" TAnchorOffset="0" RAnchorPoint="1" RAnchorOffset="0" BAnchorPoint="1" BAnchorOffset="0" RelativeToClient="1" Font="Default" Text="" BGColor="UI_WindowBGDefault" TextColor="UI_WindowTextDefault" Template="Default" TooltipType="OnCursor" Name="Background" TooltipColor="" Picture="1" IgnoreMouse="1" Sprite="Protogames:spr_Protogames_Cell_Incomplete" NoClip="0" Tooltip="" TooltipId="" HideInEditor="0" Visible="1"/>
                <Control Class="ProgressBar" Text="" LAnchorPoint="0" LAnchorOffset="8" TAnchorPoint="0" TAnchorOffset="3" RAnchorPoint="1" RAnchorOffset="-8" BAnchorPoint="0" BAnchorOffset="17" AutoSetText="0" UseValues="0" RelativeToClient="1" SetTextToProgress="0" DT_CENTER="1" DT_VCENTER="1" ProgressEmpty="" ProgressFull="Protogames:spr_Protogames_Cell_Fill" TooltipType="OnCursor" Name="ProgressBar" BGColor="ffffffff" TextColor="ffffffff" TooltipColor="" BarColor="" Sprite="" Picture="1" Tooltip=""/>
                <Control Class="ProgressBar" Text="" LAnchorPoint="0" LAnchorOffset="8" TAnchorPoint="0" TAnchorOffset="3" RAnchorPoint="1" RAnchorOffset="-8" BAnchorPoint="0" BAnchorOffset="17" AutoSetText="0" UseValues="0" RelativeToClient="1" SetTextToProgress="0" DT_CENTER="1" DT_VCENTER="1" ProgressEmpty="" ProgressFull="Protogames:spr_Protogames_Cell_Fill" TooltipType="OnCursor" Name="ProgressBarExpected" BGColor="ffffffff" TextColor="ffffffff" TooltipColor="" BarColor="" Sprite="" Picture="1">
                    <Event Name="MouseEnter" Function="onHover"/>
                    <Event Name="MouseExit" Function="onMouseLeave"/>
                </Control>
            </Control>
            <Control Class="Window" LAnchorPoint="0.5" LAnchorOffset="-116" TAnchorPoint="0" TAnchorOffset="0" RAnchorPoint="0.5" RAnchorOffset="63" BAnchorPoint="0" BAnchorOffset="28" RelativeToClient="1" Font="Default" Text="" BGColor="UI_WindowBGDefault" TextColor="UI_WindowTextDefault" Template="Default" TooltipType="OnCursor" Name="Tier2" TooltipColor="" Picture="0" IgnoreMouse="1" Sprite="" NoClip="0" Tooltip="" TooltipId="" HideInEditor="0" Visible="1">
                <Control Class="Window" LAnchorPoint="0" LAnchorOffset="0" TAnchorPoint="0" TAnchorOffset="0" RAnchorPoint="1" RAnchorOffset="0" BAnchorPoint="1" BAnchorOffset="0" RelativeToClient="1" Font="Default" Text="" BGColor="UI_WindowBGDefault" TextColor="UI_WindowTextDefault" Template="Default" TooltipType="OnCursor" Name="Active" TooltipColor="" Picture="0" IgnoreMouse="1" Sprite="Protogames:spr_Protogames_Cell_Active" NoClip="0" Tooltip="" TooltipId="" HideInEditor="0" Visible="1"/>
                <Control Class="Window" LAnchorPoint="0" LAnchorOffset="0" TAnchorPoint="0" TAnchorOffset="0" RAnchorPoint="1" RAnchorOffset="0" BAnchorPoint="1" BAnchorOffset="0" RelativeToClient="1" Font="Default" Text="" BGColor="UI_WindowBGDefault" TextColor="UI_WindowTextDefault" Template="Default" TooltipType="OnCursor" Name="Background" TooltipColor="" Picture="1" IgnoreMouse="1" Sprite="Protogames:spr_Protogames_Cell_Incomplete" NoClip="0" Tooltip="" TooltipId="" HideInEditor="0" Visible="1"/>
                <Control Class="ProgressBar" Text="" LAnchorPoint="0" LAnchorOffset="8" TAnchorPoint="0" TAnchorOffset="3" RAnchorPoint="1" RAnchorOffset="-8" BAnchorPoint="0" BAnchorOffset="17" AutoSetText="0" UseValues="0" RelativeToClient="1" SetTextToProgress="0" DT_CENTER="1" DT_VCENTER="1" ProgressEmpty="" ProgressFull="Protogames:spr_Protogames_Cell_Fill" TooltipType="OnCursor" Name="ProgressBar" BGColor="ffffffff" TextColor="ffffffff" TooltipColor="" BarColor="" Sprite="" Picture="1"/>
                <Control Class="ProgressBar" Text="" LAnchorPoint="0" LAnchorOffset="8" TAnchorPoint="0" TAnchorOffset="3" RAnchorPoint="1" RAnchorOffset="-8" BAnchorPoint="0" BAnchorOffset="17" AutoSetText="0" UseValues="0" RelativeToClient="1" SetTextToProgress="0" DT_CENTER="1" DT_VCENTER="1" ProgressEmpty="" ProgressFull="Protogames:spr_Protogames_Cell_Fill" TooltipType="OnCursor" Name="ProgressBarExpected" BGColor="ffffffff" TextColor="ffffffff" TooltipColor="" BarColor="" Sprite="" Picture="1">
                    <Event Name="MouseEnter" Function="onHover"/>
                    <Event Name="MouseExit" Function="onMouseLeave"/>
                </Control>
            </Control>
            <Control Class="Window" LAnchorPoint="0.5" LAnchorOffset="94" TAnchorPoint="0" TAnchorOffset="0" RAnchorPoint="0.5" RAnchorOffset="273" BAnchorPoint="0" BAnchorOffset="28" RelativeToClient="1" Font="Default" Text="" BGColor="UI_WindowBGDefault" TextColor="UI_WindowTextDefault" Template="Default" TooltipType="OnCursor" Name="Tier3" TooltipColor="" Picture="0" IgnoreMouse="1" Sprite="" NoClip="0" Tooltip="" TooltipId="" HideInEditor="0" Visible="1">
                <Control Class="Window" LAnchorPoint="0" LAnchorOffset="0" TAnchorPoint="0" TAnchorOffset="0" RAnchorPoint="1" RAnchorOffset="0" BAnchorPoint="1" BAnchorOffset="0" RelativeToClient="1" Font="Default" Text="" BGColor="UI_WindowBGDefault" TextColor="UI_WindowTextDefault" Template="Default" TooltipType="OnCursor" Name="Active" TooltipColor="" Picture="0" IgnoreMouse="1" Sprite="Protogames:spr_Protogames_Cell_Active" NoClip="0" Tooltip="" TooltipId="" HideInEditor="0" Visible="1"/>
                <Control Class="Window" LAnchorPoint="0" LAnchorOffset="0" TAnchorPoint="0" TAnchorOffset="0" RAnchorPoint="1" RAnchorOffset="0" BAnchorPoint="1" BAnchorOffset="0" RelativeToClient="1" Font="Default" Text="" BGColor="UI_WindowBGDefault" TextColor="UI_WindowTextDefault" Template="Default" TooltipType="OnCursor" Name="Background" TooltipColor="" Picture="1" IgnoreMouse="1" Sprite="Protogames:spr_Protogames_Cell_Incomplete" NoClip="0" Tooltip="" TooltipId="" HideInEditor="0" Visible="1"/>
                <Control Class="ProgressBar" Text="" LAnchorPoint="0" LAnchorOffset="8" TAnchorPoint="0" TAnchorOffset="3" RAnchorPoint="1" RAnchorOffset="-8" BAnchorPoint="0" BAnchorOffset="17" AutoSetText="0" UseValues="0" RelativeToClient="1" SetTextToProgress="0" DT_CENTER="1" DT_VCENTER="1" ProgressEmpty="" ProgressFull="Protogames:spr_Protogames_Cell_Fill" TooltipType="OnCursor" Name="ProgressBar" BGColor="ffffffff" TextColor="ffffffff" TooltipColor="" BarColor="" Sprite="" Picture="1"/>
                <Control Class="ProgressBar" Text="" LAnchorPoint="0" LAnchorOffset="8" TAnchorPoint="0" TAnchorOffset="3" RAnchorPoint="1" RAnchorOffset="-8" BAnchorPoint="0" BAnchorOffset="17" AutoSetText="0" UseValues="0" RelativeToClient="1" SetTextToProgress="0" DT_CENTER="1" DT_VCENTER="1" ProgressEmpty="" ProgressFull="Protogames:spr_Protogames_Cell_Fill" TooltipType="OnCursor" Name="ProgressBarExpected" BGColor="ffffffff" TextColor="ffffffff" TooltipColor="" BarColor="" Sprite="" Picture="1">
                    <Event Name="MouseEnter" Function="onHover"/>
                    <Event Name="MouseExit" Function="onMouseLeave"/>
                </Control>
            </Control>
            <Control Class="Window" LAnchorPoint="0.5" LAnchorOffset="-149" TAnchorPoint="0" TAnchorOffset="0" RAnchorPoint="0.5" RAnchorOffset="-102" BAnchorPoint="0" BAnchorOffset="49" RelativeToClient="1" Font="Default" Text="" BGColor="UI_WindowBGDefault" TextColor="UI_WindowTextDefault" Template="Default" TooltipType="OnCursor" Name="Bronze" TooltipColor="" Picture="1" IgnoreMouse="1" Sprite="Protogames:spr_Protogames_Icon_MedalBronze" NewControlDepth="1" NewWindowDepth="1" NoClip="0" Tooltip="" TooltipId=""/>
            <Control Class="Window" LAnchorPoint="0.5" LAnchorOffset="56" TAnchorPoint="0" TAnchorOffset="0" RAnchorPoint="0.5" RAnchorOffset="103" BAnchorPoint="0" BAnchorOffset="49" RelativeToClient="1" Font="Default" Text="" BGColor="UI_WindowBGDefault" TextColor="UI_WindowTextDefault" Template="Default" TooltipType="OnCursor" Name="Silver" TooltipColor="" Picture="1" IgnoreMouse="1" Sprite="Protogames:spr_Protogames_Icon_MedalSilver" NewControlDepth="1" NewWindowDepth="1" NoClip="0" Tooltip="" TooltipId=""/>
            <Control Class="Window" LAnchorPoint="0.5" LAnchorOffset="263" TAnchorPoint="0" TAnchorOffset="0" RAnchorPoint="0.5" RAnchorOffset="310" BAnchorPoint="0" BAnchorOffset="49" RelativeToClient="1" Font="Default" Text="" BGColor="UI_WindowBGDefault" TextColor="UI_WindowTextDefault" Template="Default" TooltipType="OnCursor" Name="Gold" TooltipColor="" Picture="1" IgnoreMouse="1" Sprite="Protogames:spr_Protogames_Icon_MedalGold" NewControlDepth="1" NewWindowDepth="1" NoClip="0" Tooltip="" TooltipId=""/>
        </Control>
        <Control Class="Window" LAnchorPoint="0.5" LAnchorOffset="-120" TAnchorPoint="0" TAnchorOffset="36" RAnchorPoint="0.5" RAnchorOffset="-48" BAnchorPoint="0" BAnchorOffset="73" RelativeToClient="1" Font="CRB_Header9" Text="" BGColor="UI_WindowBGDefault" TextColor="UI_TextHoloBodyCyan" Template="Default" TooltipType="OnCursor" Name="TotalTitle" TooltipColor="" TextId="PublicEventStats_Total" DT_CENTER="1" DT_SINGLELINE="1"/>
        <Control Class="Window" LAnchorPoint="0.5" LAnchorOffset="-48" TAnchorPoint="0" TAnchorOffset="36" RAnchorPoint="0.5" RAnchorOffset="48" BAnchorPoint="0" BAnchorOffset="73" RelativeToClient="1" Font="CRB_Header9" Text="For Gold" BGColor="UI_WindowBGDefault" TextColor="Golden" Template="Default" TooltipType="OnCursor" Name="GoldTitle" TooltipColor="" TextId="" DT_CENTER="1" DT_SINGLELINE="1"/>
        <Control Class="Window" LAnchorPoint="0.5" LAnchorOffset="48" TAnchorPoint="0" TAnchorOffset="36" RAnchorPoint="0.5" RAnchorOffset="120" BAnchorPoint="0" BAnchorOffset="73" RelativeToClient="1" Font="CRB_Header9" Text="" BGColor="UI_WindowBGDefault" TextColor="UI_TextHoloBodyCyan" Template="Default" TooltipType="OnCursor" Name="TimeTitle" TooltipColor="" TextId="CRB_Time" DT_CENTER="1" DT_SINGLELINE="1"/>
        <Control Class="Window" LAnchorPoint="0.5" LAnchorOffset="-120" TAnchorPoint="0" TAnchorOffset="36" RAnchorPoint="0.5" RAnchorOffset="121" BAnchorPoint="0" BAnchorOffset="73" RelativeToClient="1" Font="Default" Text="" BGColor="UI_WindowBGDefault" TextColor="white" Template="Default" TooltipType="OnCursor" Name="BG" TooltipColor="" Sprite="Warplots:spr_WarPlots_CP3_Empty" Picture="1" IgnoreMouse="1" HideInEditor="0"/>
        <Control Class="Window" LAnchorPoint="0.5" LAnchorOffset="-120" TAnchorPoint="0" TAnchorOffset="36" RAnchorPoint="0.5" RAnchorOffset="-48" BAnchorPoint="0" BAnchorOffset="73" RelativeToClient="1" Font="Default" Text="" BGColor="UI_WindowBGDefault" TextColor="UI_TextHoloTitle" Template="Default" TooltipType="OnCursor" Name="Total" TooltipColor="" Sprite="" Picture="0" IgnoreMouse="1" TextId="CRB__2" DT_VCENTER="1" DT_RIGHT="0" DT_CENTER="1"/>
        <Control Class="Window" LAnchorPoint="0.5" LAnchorOffset="-48" TAnchorPoint="0" TAnchorOffset="36" RAnchorPoint="0.5" RAnchorOffset="48" BAnchorPoint="0" BAnchorOffset="73" RelativeToClient="1" Font="Default" Text="" BGColor="UI_WindowBGDefault" TextColor="UI_TextHoloTitle" Template="Default" TooltipType="OnCursor" Name="Needed" TooltipColor="" Sprite="" Picture="0" IgnoreMouse="1" TextId="CRB__2" DT_VCENTER="1" DT_RIGHT="0" DT_CENTER="1" Tooltip=""/>
        <Control Class="Window" LAnchorPoint="0.5" LAnchorOffset="48" TAnchorPoint="0" TAnchorOffset="36" RAnchorPoint="0.5" RAnchorOffset="120" BAnchorPoint="0" BAnchorOffset="73" RelativeToClient="1" Font="Default" Text="" BGColor="UI_WindowBGDefault" TextColor="UI_TextHoloTitle" Template="Default" TooltipType="OnCursor" Name="Time" TooltipColor="" Sprite="" Picture="0" IgnoreMouse="1" TextId="Challenges_NoProgress" DT_VCENTER="1" DT_RIGHT="0" DT_CENTER="1"/>
    </Form>
    <Form Class="Window" LAnchorPoint="0" LAnchorOffset="0" TAnchorPoint="0" TAnchorOffset="150" RAnchorPoint="1" RAnchorOffset="0" BAnchorPoint="0.75" BAnchorOffset="0" RelativeToClient="1" Font="Default" Text="" BGColor="UI_WindowBGDefault" TextColor="UI_WindowTextDefault" Template="Default" TooltipType="OnCursor" Name="DungeonMedalsTallyContainer" Border="0" Picture="0" SwallowMouseClicks="1" Moveable="0" Escapable="0" Overlapped="1" TooltipColor="" Visible="0" IgnoreMouse="1"/>
    <Form Class="Window" LAnchorPoint="0" LAnchorOffset="0" TAnchorPoint="0" TAnchorOffset="0" RAnchorPoint="1" RAnchorOffset="0" BAnchorPoint="0" BAnchorOffset="36" RelativeToClient="1" Font="CRB_HeaderHuge_O" Text="" BGColor="UI_WindowBGDefault" TextColor="UI_WindowTextDefault" Template="Default" TooltipType="OnCursor" Name="DungeonMedalsTallyMessage" Border="0" Picture="0" SwallowMouseClicks="1" Moveable="0" Escapable="0" Overlapped="1" TooltipColor="" TextId="Challenges_NoProgress" DT_VCENTER="1" DT_CENTER="1" DT_SINGLELINE="1" Visible="1" TransitionShowHide="1" IgnoreMouse="1"/>
    <Form Class="Window" LAnchorPoint="0" LAnchorOffset="0" TAnchorPoint="0" TAnchorOffset="80" RAnchorPoint="1" RAnchorOffset="0" BAnchorPoint="0" BAnchorOffset="120" RelativeToClient="1" Font="CRB_HeaderGigantic_O" Text="" BGColor="UI_WindowBGDefault" TextColor="UI_TextHoloTitle" Template="Default" TooltipType="OnCursor" Name="DungeonMedalsPlusPoints" Border="0" Picture="0" SwallowMouseClicks="1" Moveable="0" Escapable="0" Overlapped="1" TooltipColor="" TextId="Challenges_NoProgress" DT_VCENTER="1" DT_CENTER="1" DT_SINGLELINE="1" Visible="0" TransitionShowHide="1" IgnoreMouse="1" Tooltip=""/>
    <Form Class="Window" LAnchorPoint="0" LAnchorOffset="639" TAnchorPoint="0" TAnchorOffset="51" RAnchorPoint="0" RAnchorOffset="1294" BAnchorPoint="0" BAnchorOffset="429" RelativeToClient="1" Font="Default" Text="" BGColor="UI_WindowBGDefault" TextColor="UI_WindowTextDefault" Template="Default" TooltipType="OnCursor" Name="debugwindow" Border="0" Picture="1" SwallowMouseClicks="1" Moveable="1" Escapable="0" Overlapped="1" TooltipColor="" Tooltip="" Sizable="1" Sprite="AbilitiesSprites:spr_StatVertProgBase">
        <Control Class="Window" LAnchorPoint="0" LAnchorOffset="0" TAnchorPoint="0" TAnchorOffset="0" RAnchorPoint="1" RAnchorOffset="0" BAnchorPoint="0" BAnchorOffset="20" RelativeToClient="1" Font="Default" Text="" BGColor="UI_WindowBGDefault" TextColor="UI_WindowTextDefault" Template="Default" TooltipType="OnCursor" Name="debugtitle" Border="0" Picture="1" SwallowMouseClicks="1" Moveable="0" Escapable="0" Overlapped="1" TooltipColor="" Tooltip="" Sizable="0" Sprite="AbilitiesSprites:spr_StatVertProgBase" NoClip="1" DT_VCENTER="0" DT_CENTER="0">
            <Control Class="Window" LAnchorPoint="0" LAnchorOffset="10" TAnchorPoint="0" TAnchorOffset="0" RAnchorPoint="0" RAnchorOffset="100" BAnchorPoint="0" BAnchorOffset="20" RelativeToClient="1" Font="CRB_InterfaceMedium_BBO" Text="Points" BGColor="UI_WindowBGDefault" TextColor="UI_WindowTextDefault" Template="Default" TooltipType="OnCursor" Name="points" TooltipColor="" DT_VCENTER="1" IgnoreMouse="1" NoClip="1" TextId="" Picture="1" Sprite=""/>
            <Control Class="Window" LAnchorPoint="0" LAnchorOffset="100" TAnchorPoint="0" TAnchorOffset="0" RAnchorPoint="0" RAnchorOffset="100" BAnchorPoint="0" BAnchorOffset="20" RelativeToClient="1" Font="CRB_InterfaceMedium_BBO" Text="" BGColor="UI_WindowBGDefault" TextColor="UI_WindowTextDefault" Template="Default" TooltipType="OnCursor" Name="status" TooltipColor="" DT_VCENTER="1" TextId="CRB_Status" IgnoreMouse="1" NoClip="1"/>
            <Control Class="Window" LAnchorPoint="0" LAnchorOffset="100" TAnchorPoint="0" TAnchorOffset="0" RAnchorPoint="1" RAnchorOffset="0" BAnchorPoint="0" BAnchorOffset="20" RelativeToClient="1" Font="CRB_InterfaceMedium_BBO" Text="" BGColor="UI_WindowBGDefault" TextColor="UI_WindowTextDefault" Template="Default" TooltipType="OnCursor" Name="description" TooltipColor="" DT_VCENTER="1" TextId="Description" IgnoreMouse="1" NoClip="1"/>
            <Control Class="Button" Base="CRB_ChallengeTrackerSprites:btnChallengeClose" Font="DefaultButton" ButtonType="PushButton" RadioGroup="" LAnchorPoint="1" LAnchorOffset="-20" TAnchorPoint="0" TAnchorOffset="1" RAnchorPoint="1" RAnchorOffset="0" BAnchorPoint="1" BAnchorOffset="0" DT_VCENTER="1" DT_CENTER="1" BGColor="UI_BtnBGDefault" TextColor="UI_BtnTextDefault" NormalTextColor="UI_BtnTextDefault" PressedTextColor="UI_BtnTextDefault" FlybyTextColor="UI_BtnTextDefault" PressedFlybyTextColor="UI_BtnTextDefault" DisabledTextColor="UI_BtnTextDefault" TooltipType="OnCursor" Name="Close" TooltipColor="" Text="" IfHoldNoSignal="1">
                <Event Name="ButtonSignal" Function="OnSlashCommand"/>
            </Control>
        </Control>
        <Control Class="Window" LAnchorPoint="0" LAnchorOffset="10" TAnchorPoint="1" TAnchorOffset="-20" RAnchorPoint="1" RAnchorOffset="0" BAnchorPoint="1" BAnchorOffset="0" RelativeToClient="1" Font="CRB_InterfaceMedium_BBO" Text="00000" BGColor="UI_WindowBGDefault" TextColor="UI_WindowTextDefault" Template="Default" TooltipType="OnCursor" Name="total" TooltipColor="" DT_CENTER="0" DT_VCENTER="1" TextId="" IgnoreMouse="1" NoClip="1" DT_RIGHT="0">
            <Control Class="Window" LAnchorPoint="0" LAnchorOffset="-10" TAnchorPoint="0" TAnchorOffset="0" RAnchorPoint="1" RAnchorOffset="0" BAnchorPoint="1" BAnchorOffset="0" RelativeToClient="1" Font="CRB_InterfaceMedium_BBO" Text="" BGColor="UI_WindowBGDefault" TextColor="UI_WindowTextDefault" Template="Default" TooltipType="OnCursor" Name="BG" TooltipColor="" IgnoreMouse="1" NoClip="1" TextId="" DT_CENTER="0" DT_VCENTER="1" Picture="1" Sprite="AbilitiesSprites:spr_StatVertProgBase" DT_RIGHT="0">
                <Control Class="Window" LAnchorPoint="0" LAnchorOffset="100" TAnchorPoint="0" TAnchorOffset="0" RAnchorPoint="1" RAnchorOffset="0" BAnchorPoint="1" BAnchorOffset="0" RelativeToClient="1" Font="CRB_InterfaceMedium_BBO" Text="Points Total" BGColor="UI_WindowBGDefault" TextColor="UI_WindowTextDefault" Template="Default" TooltipType="OnCursor" Name="Label" TooltipColor="" TextId="" DT_VCENTER="1"/>
            </Control>
        </Control>
        <Control Class="Window" LAnchorPoint="0" LAnchorOffset="0" TAnchorPoint="0" TAnchorOffset="20" RAnchorPoint="1" RAnchorOffset="0" BAnchorPoint="1" BAnchorOffset="-20" RelativeToClient="1" Font="Default" Text="" BGColor="UI_WindowBGDefault" TextColor="UI_WindowTextDefault" Template="Default" TooltipType="OnCursor" Name="list" TooltipColor="" IgnoreMouse="1" AutoScaleTextOff="1" VScroll="1" HScroll="1"/>
    </Form>
    <Form Class="Window" LAnchorPoint="0" LAnchorOffset="0" TAnchorPoint="0" TAnchorOffset="0" RAnchorPoint="1" RAnchorOffset="0" BAnchorPoint="0" BAnchorOffset="25" RelativeToClient="1" Font="CRB_InterfaceMedium_BBO" Text="" BGColor="UI_WindowBGDefault" TextColor="UI_WindowTextDefault" Template="Default" TooltipType="OnCursor" Name="debugline" Border="0" Picture="1" SwallowMouseClicks="1" Moveable="0" Escapable="0" Overlapped="1" TooltipColor="" TextId="" DT_CENTER="0" DT_VCENTER="1" Sprite="BK3:sprMetal_Scroll_Framing" AutoScaleTextOff="1" IgnoreMouse="1">
        <Control Class="Window" LAnchorPoint="0" LAnchorOffset="10" TAnchorPoint="0" TAnchorOffset="0" RAnchorPoint="0" RAnchorOffset="100" BAnchorPoint="1" BAnchorOffset="0" RelativeToClient="1" Font="CRB_InterfaceMedium_BBO" Text="" BGColor="UI_WindowBGDefault" TextColor="UI_WindowTextDefault" Template="Default" TooltipType="OnCursor" Name="points" TooltipColor="" DT_VCENTER="1" IgnoreMouse="1" AutoScaleTextOff="1"/>
        <Control Class="Window" LAnchorPoint="0" LAnchorOffset="100" TAnchorPoint="0" TAnchorOffset="0" RAnchorPoint="0" RAnchorOffset="100" BAnchorPoint="1" BAnchorOffset="0" RelativeToClient="1" Font="CRB_InterfaceMedium_BBO" Text="" BGColor="UI_WindowBGDefault" TextColor="UI_WindowTextDefault" Template="Default" TooltipType="OnCursor" Name="status" TooltipColor="" DT_VCENTER="1" IgnoreMouse="1" AutoScaleTextOff="1"/>
        <Control Class="Window" LAnchorPoint="0" LAnchorOffset="100" TAnchorPoint="0" TAnchorOffset="0" RAnchorPoint="1" RAnchorOffset="-10" BAnchorPoint="1" BAnchorOffset="0" RelativeToClient="1" Font="CRB_InterfaceMedium_BBO" Text="" BGColor="UI_WindowBGDefault" TextColor="UI_WindowTextDefault" Template="Default" TooltipType="OnCursor" Name="text" TooltipColor="" DT_VCENTER="1" IgnoreMouse="1" AutoScaleTextOff="1"/>
    </Form>
</Forms>
